timeStamp,sales,promotion
12/31/2012 0:00,2919.51,
1/1/2013 0:00,1788.6,TRUE
1/2/2013 0:00,2895.62,
1/3/2013 0:00,2997.13,
1/4/2013 0:00,3340.63,
1/5/2013 0:00,2254.3,
1/6/2013 0:00,1946.88,
1/7/2013 0:00,2830.84,
1/8/2013 0:00,2833.66,
1/9/2013 0:00,2978.66,
1/10/2013 0:00,3127.26,
1/11/2013 0:00,3638.69,
1/12/2013 0:00,2777.96,TRUE
1/13/2013 0:00,1749.19,
1/14/2013 0:00,2754.11,
1/15/2013 0:00,2899.2,
1/16/2013 0:00,4164.13,
1/17/2013 0:00,3177.56,
1/18/2013 0:00,3785.51,
1/19/2013 0:00,2693.33,
1/20/2013 0:00,1822.92,
1/21/2013 0:00,2189.45,
1/22/2013 0:00,2473.25,
1/23/2013 0:00,2904.55,
1/24/2013 0:00,3365.76,
1/25/2013 0:00,3664.27,
1/26/2013 0:00,2501.75,
1/27/2013 0:00,1923.3,
1/28/2013 0:00,3052.95,
1/29/2013 0:00,2617.65,
1/30/2013 0:00,3142.97,
1/31/2013 0:00,3390.82,
2/1/2013 0:00,3845.82,
2/2/2013 0:00,2822.97,
2/3/2013 0:00,1636,
2/4/2013 0:00,3042.26,
2/5/2013 0:00,3111.73,
2/6/2013 0:00,2924.14,
2/7/2013 0:00,3387.96,
2/8/2013 0:00,3092.96,
2/9/2013 0:00,2898.58,
2/10/2013 0:00,1762.14,
2/11/2013 0:00,3402.92,
2/12/2013 0:00,3047.72,
2/13/2013 0:00,3166.07,
2/14/2013 0:00,2971.14,
2/15/2013 0:00,3582.68,
2/16/2013 0:00,3016.86,
2/17/2013 0:00,2360.59,
2/18/2013 0:00,2603.96,
2/19/2013 0:00,3227.86,
2/20/2013 0:00,3248.58,
2/22/2013 0:00,3803.18,
2/23/2013 0:00,2748.47,
2/24/2013 0:00,2261.86,
2/25/2013 0:00,3357.12,
2/26/2013 0:00,3237.86,
2/27/2013 0:00,3588.19,
2/28/2013 0:00,3886.5,
3/1/2013 0:00,4292.37,
3/2/2013 0:00,2897.8,
3/3/2013 0:00,2182.29,
3/4/2013 0:00,2845.85,
3/5/2013 0:00,3365.91,
3/6/2013 0:00,3417.66,
3/7/2013 0:00,3213.31,
3/8/2013 0:00,3408.38,
3/9/2013 0:00,2463.5,
3/10/2013 0:00,1801.93,
3/11/2013 0:00,3122.25,
3/12/2013 0:00,3179.96,
3/13/2013 0:00,3173.17,
3/14/2013 0:00,3260.06,
3/15/2013 0:00,3702.46,
3/16/2013 0:00,2804.22,
3/17/2013 0:00,2278.72,
3/18/2013 0:00,2837.09,
3/19/2013 0:00,2698.6,
3/20/2013 0:00,2877.66,
3/21/2013 0:00,3353.69,
3/22/2013 0:00,3656.26,
3/23/2013 0:00,2844.49,
3/24/2013 0:00,1851.05,
3/25/2013 0:00,3188.1,
3/26/2013 0:00,3146.77,
3/27/2013 0:00,3368.59,
3/28/2013 0:00,2964.43,
3/29/2013 0:00,3333.23,
3/30/2013 0:00,2874.14,
3/31/2013 0:00,1685.31,
4/1/2013 0:00,3335.93,
4/2/2013 0:00,3150.76,
4/3/2013 0:00,3614.04,
4/4/2013 0:00,2770.36,
4/5/2013 0:00,3442.04,
4/6/2013 0:00,2507.67,
4/7/2013 0:00,2187.48,
4/8/2013 0:00,2789.44,
4/9/2013 0:00,2907.85,
4/10/2013 0:00,3019.6,
4/11/2013 0:00,3529.9,
4/12/2013 0:00,3529.98,
4/13/2013 0:00,3042.41,
4/14/2013 0:00,1860.51,
4/15/2013 0:00,2963.14,
4/16/2013 0:00,2665.63,
4/17/2013 0:00,3063.4,
4/18/2013 0:00,3095.61,
4/19/2013 0:00,3442.83,
4/20/2013 0:00,2147.72,
4/21/2013 0:00,1585.04,
4/22/2013 0:00,2931.18,
4/23/2013 0:00,2830.21,
4/24/2013 0:00,2942.67,
4/25/2013 0:00,3576.66,
4/26/2013 0:00,3603.35,
4/27/2013 0:00,3211.55,
4/28/2013 0:00,1961.08,
4/29/2013 0:00,2892.86,
4/30/2013 0:00,2916.34,
5/1/2013 0:00,3817.52,
5/2/2013 0:00,3173.99,
5/3/2013 0:00,3572.08,
5/4/2013 0:00,2797.1,
5/5/2013 0:00,1840.51,
5/6/2013 0:00,3024.32,
5/7/2013 0:00,2951.44,
5/8/2013 0:00,3091.05,
5/9/2013 0:00,3606.3,
5/10/2013 0:00,3128.54,
5/11/2013 0:00,2607.55,
5/12/2013 0:00,1976.49,
5/13/2013 0:00,2739.02,
5/14/2013 0:00,3033.24,
5/15/2013 0:00,3217.07,
5/16/2013 0:00,3357.58,
5/17/2013 0:00,3638.08,
5/18/2013 0:00,2706,
5/19/2013 0:00,2028.02,
5/20/2013 0:00,3610.92,
5/21/2013 0:00,2886.52,
5/22/2013 0:00,3363.72,
5/23/2013 0:00,3312.49,
5/24/2013 0:00,3587.8,
5/25/2013 0:00,3024.42,
5/26/2013 0:00,2365.69,
5/27/2013 0:00,1726.19,
5/28/2013 0:00,2861.96,
5/29/2013 0:00,3066.2,
5/30/2013 0:00,3352.71,
5/31/2013 0:00,3815.18,
6/1/2013 0:00,2449.78,
6/2/2013 0:00,1977.78,
6/3/2013 0:00,3119.93,
6/4/2013 0:00,3117.62,
6/5/2013 0:00,3272.29,
6/6/2013 0:00,3116.78,
6/7/2013 0:00,3284.96,
6/8/2013 0:00,2528.94,
6/9/2013 0:00,2340.65,
6/10/2013 0:00,3333.92,
6/11/2013 0:00,2884.99,
6/13/2013 0:00,3455.35,
6/14/2013 0:00,3410.7,
6/15/2013 0:00,2509.41,
6/16/2013 0:00,1636.86,
6/17/2013 0:00,3396.51,
6/18/2013 0:00,2803.46,
6/19/2013 0:00,3735.79,TRUE
6/20/2013 0:00,3024.54,
6/21/2013 0:00,3223.7,
6/22/2013 0:00,2487.82,
6/23/2013 0:00,1942.28,
6/24/2013 0:00,3189.17,
6/25/2013 0:00,3288.06,
6/26/2013 0:00,3429.49,
6/27/2013 0:00,3126.36,
6/28/2013 0:00,3339.71,
6/29/2013 0:00,2656.74,
6/30/2013 0:00,2090.36,
7/1/2013 0:00,3054.45,
7/2/2013 0:00,2600.45,
7/3/2013 0:00,3230.91,
7/4/2013 0:00,1293.64,
7/5/2013 0:00,2694.37,
7/6/2013 0:00,2154.44,
7/7/2013 0:00,2106.62,
7/8/2013 0:00,2958.56,
7/9/2013 0:00,2986.81,
7/10/2013 0:00,3019.88,
7/11/2013 0:00,3185.77,
7/12/2013 0:00,3346.35,
7/13/2013 0:00,2732.14,
7/14/2013 0:00,2245.8,
7/15/2013 0:00,3503.41,
7/16/2013 0:00,3364.81,
7/17/2013 0:00,3278.36,
7/18/2013 0:00,3131.3,
7/19/2013 0:00,3895.12,
7/20/2013 0:00,3067.97,
7/21/2013 0:00,2057.37,
7/22/2013 0:00,3178.83,
7/23/2013 0:00,2834.59,
7/24/2013 0:00,3257.11,
7/25/2013 0:00,3278.39,
7/26/2013 0:00,3595.21,
7/27/2013 0:00,2645.11,
7/28/2013 0:00,1978,
7/29/2013 0:00,2886.2,
7/30/2013 0:00,3044.08,
7/31/2013 0:00,3699.18,
8/1/2013 0:00,3576.69,
8/2/2013 0:00,3701.46,
8/3/2013 0:00,2940.13,
8/4/2013 0:00,1908.45,
8/5/2013 0:00,3153.47,
8/6/2013 0:00,2799.8,
8/7/2013 0:00,3429.09,
8/8/2013 0:00,3344.51,
8/9/2013 0:00,3402.07,
8/10/2013 0:00,2649.87,
8/11/2013 0:00,2111.93,
8/12/2013 0:00,3391.01,
8/13/2013 0:00,3138.04,
8/14/2013 0:00,3732.49,
8/15/2013 0:00,3603.02,
8/16/2013 0:00,3884.99,
8/17/2013 0:00,2890.19,
8/18/2013 0:00,1946.06,
8/19/2013 0:00,3162.11,
8/20/2013 0:00,3088.92,
8/21/2013 0:00,4178.6,
8/22/2013 0:00,4025.12,
8/23/2013 0:00,3664.6,
8/24/2013 0:00,3262.68,
8/25/2013 0:00,2471.57,
8/26/2013 0:00,3264.76,
8/27/2013 0:00,3197.68,
8/29/2013 0:00,3172.53,
8/30/2013 0:00,3762.26,
8/31/2013 0:00,2865.38,
9/1/2013 0:00,1871.67,
9/2/2013 0:00,2049.85,
9/3/2013 0:00,2927.04,
9/4/2013 0:00,2821.89,
9/5/2013 0:00,3257.88,
9/6/2013 0:00,3345.64,
9/7/2013 0:00,2209.59,
9/8/2013 0:00,1811.01,
9/9/2013 0:00,2913.21,
9/10/2013 0:00,3150.91,
9/11/2013 0:00,3268.16,
9/12/2013 0:00,3036.59,
9/13/2013 0:00,3561.9,
9/14/2013 0:00,2396.07,
9/15/2013 0:00,2386.25,
9/16/2013 0:00,2801.74,
9/17/2013 0:00,2755.07,
9/18/2013 0:00,3079.55,
9/19/2013 0:00,3451.28,
9/20/2013 0:00,3708.76,
9/21/2013 0:00,2762.26,
9/22/2013 0:00,2053.28,
9/23/2013 0:00,2738.45,
9/24/2013 0:00,3078.3,
9/25/2013 0:00,3227.24,
9/26/2013 0:00,3183.25,
9/27/2013 0:00,3512.4,
9/28/2013 0:00,2992.12,
9/29/2013 0:00,1953.31,
9/30/2013 0:00,3352.8,
10/1/2013 0:00,3442.13,
10/2/2013 0:00,3351.62,
10/3/2013 0:00,3395.15,
10/4/2013 0:00,4130.06,
10/5/2013 0:00,3001.1,
10/6/2013 0:00,1815.13,
10/7/2013 0:00,3001.32,
10/8/2013 0:00,3001.36,
10/9/2013 0:00,3174.73,
10/10/2013 0:00,3359.93,
10/11/2013 0:00,3622.6,
10/12/2013 0:00,2968.89,
10/13/2013 0:00,1790.15,
10/14/2013 0:00,3320.62,
10/15/2013 0:00,3164.19,
10/16/2013 0:00,3212.98,
10/17/2013 0:00,3696.16,
10/18/2013 0:00,4019.59,
10/19/2013 0:00,3005.53,
10/20/2013 0:00,2260.73,
10/21/2013 0:00,3232.49,
10/22/2013 0:00,3239.5,
10/23/2013 0:00,3679.79,
10/24/2013 0:00,3737.87,
10/25/2013 0:00,3559.12,
10/26/2013 0:00,2987.02,
10/27/2013 0:00,1838.37,
10/28/2013 0:00,3346.27,
10/29/2013 0:00,3448.58,
10/30/2013 0:00,3442.68,
10/31/2013 0:00,3573.07,
11/1/2013 0:00,3891.23,
11/2/2013 0:00,2757.61,
11/3/2013 0:00,1954.21,
11/4/2013 0:00,3219.55,
11/5/2013 0:00,2983.15,
11/6/2013 0:00,3143.32,
11/7/2013 0:00,3630.51,
11/8/2013 0:00,3168.97,
11/9/2013 0:00,2893.7,
11/10/2013 0:00,1951.71,
11/11/2013 0:00,2177.72,
11/12/2013 0:00,2975.42,
11/13/2013 0:00,3238.37,
11/14/2013 0:00,3323.48,
11/15/2013 0:00,3824.79,
11/16/2013 0:00,2855.64,
11/17/2013 0:00,2167.44,
11/18/2013 0:00,2959.22,
11/19/2013 0:00,3157.1,
11/20/2013 0:00,3294,
11/21/2013 0:00,3451.49,
11/22/2013 0:00,3373.78,
11/23/2013 0:00,2875.38,
11/24/2013 0:00,2461.24,
11/25/2013 0:00,3522.06,
11/26/2013 0:00,3206.79,
11/27/2013 0:00,3956.97,
11/29/2013 0:00,2748.79,
11/30/2013 0:00,2821.87,
12/1/2013 0:00,1978.18,
12/2/2013 0:00,3409.4,
12/3/2013 0:00,3291.89,
12/4/2013 0:00,3161.52,
12/5/2013 0:00,3268.47,
12/6/2013 0:00,3359.24,
12/7/2013 0:00,2499.5,
12/8/2013 0:00,2071.38,
12/9/2013 0:00,3315.44,
12/10/2013 0:00,2959.15,
12/11/2013 0:00,3220.33,
12/12/2013 0:00,3542.07,
12/13/2013 0:00,3628.93,
12/14/2013 0:00,3026.43,
12/15/2013 0:00,2127.05,
12/16/2013 0:00,3125.26,
12/17/2013 0:00,3215.42,
12/18/2013 0:00,3315.93,
12/19/2013 0:00,3501.49,
12/20/2013 0:00,3620.2,
12/21/2013 0:00,2813.81,
12/22/2013 0:00,2445.17,
12/23/2013 0:00,3439.29,
12/24/2013 0:00,2471,
12/26/2013 0:00,2628.98,
12/27/2013 0:00,2921.37,
12/28/2013 0:00,2006.63,
12/29/2013 0:00,1692.21,
12/30/2013 0:00,3151.28,
12/31/2013 0:00,2628.58,
1/1/2014 0:00,1206.41,
1/2/2014 0:00,2732.97,
1/3/2014 0:00,3063.84,
1/4/2014 0:00,2489.92,
1/5/2014 0:00,1638.52,
1/6/2014 0:00,2529.58,
1/7/2014 0:00,2758.34,
1/8/2014 0:00,2627.16,
1/9/2014 0:00,2652.87,
1/10/2014 0:00,3120.47,
1/11/2014 0:00,2023.45,
1/12/2014 0:00,1603.94,
1/13/2014 0:00,2919.92,
1/14/2014 0:00,2570.15,
1/15/2014 0:00,2979.21,
1/16/2014 0:00,2822.78,
1/17/2014 0:00,3354.45,
1/18/2014 0:00,2270.53,
1/19/2014 0:00,1686.4,
1/20/2014 0:00,2049.76,
1/21/2014 0:00,2680.02,
1/22/2014 0:00,2938.32,
1/23/2014 0:00,2982.54,
1/24/2014 0:00,3359.14,
1/25/2014 0:00,2350.1,
1/26/2014 0:00,1985.28,
1/27/2014 0:00,2859.99,
1/28/2014 0:00,2825.58,
1/29/2014 0:00,3227.63,
1/30/2014 0:00,3096.7,
1/31/2014 0:00,3615.68,
2/1/2014 0:00,2678.66,
2/2/2014 0:00,1474.14,
2/3/2014 0:00,3021.07,
2/4/2014 0:00,2768.53,
2/5/2014 0:00,2975.12,
2/6/2014 0:00,2886.8,
2/7/2014 0:00,3211.81,
2/8/2014 0:00,2860.03,
2/9/2014 0:00,2223.95,
2/10/2014 0:00,3136.81,
2/11/2014 0:00,3120.93,
2/12/2014 0:00,3615.39,
2/13/2014 0:00,3485.62,
2/14/2014 0:00,3316.85,
2/15/2014 0:00,3193.84,
2/16/2014 0:00,2489.49,
2/17/2014 0:00,3225.65,
2/18/2014 0:00,3154.84,
2/19/2014 0:00,3493.2,
2/20/2014 0:00,3559.79,
2/21/2014 0:00,3482.69,
2/22/2014 0:00,3066.02,
2/23/2014 0:00,2267.6,
2/24/2014 0:00,3425.49,
2/25/2014 0:00,3559.82,
2/26/2014 0:00,3573.71,
2/27/2014 0:00,3617.18,
2/28/2014 0:00,3851.36,
3/1/2014 0:00,2926.75,
3/2/2014 0:00,2206,
3/3/2014 0:00,3440.26,
3/4/2014 0:00,3368.85,
3/5/2014 0:00,3641.23,
3/6/2014 0:00,3607.3,
3/7/2014 0:00,3409.41,
3/8/2014 0:00,2832.99,
3/9/2014 0:00,2098,
3/10/2014 0:00,3042.74,
3/11/2014 0:00,2875.55,
3/12/2014 0:00,3106.76,
3/13/2014 0:00,2911.02,
3/14/2014 0:00,3580.38,
3/15/2014 0:00,2910.71,
3/16/2014 0:00,2619.86,
3/17/2014 0:00,3057.39,
3/18/2014 0:00,3003.06,
3/19/2014 0:00,3419.14,
3/20/2014 0:00,3722.99,
3/21/2014 0:00,3596.08,
3/22/2014 0:00,2567.82,
3/23/2014 0:00,2374.09,
3/24/2014 0:00,2992.05,
3/25/2014 0:00,3469.43,
3/26/2014 0:00,3423.31,
3/27/2014 0:00,3246.56,
3/28/2014 0:00,3796.22,
3/29/2014 0:00,3325.05,
3/30/2014 0:00,2322.12,
3/31/2014 0:00,3391.51,
4/1/2014 0:00,3289.01,
4/2/2014 0:00,3329.76,
4/3/2014 0:00,3497.03,
4/4/2014 0:00,3386.59,
4/5/2014 0:00,2736.88,
4/6/2014 0:00,1860.49,
4/7/2014 0:00,3384.94,
4/8/2014 0:00,3732.51,
4/9/2014 0:00,3390.01,
4/10/2014 0:00,3349.86,
4/11/2014 0:00,3477.39,
4/12/2014 0:00,2864.14,
4/13/2014 0:00,1851.55,
4/14/2014 0:00,3076.28,
4/15/2014 0:00,3300.24,
4/16/2014 0:00,3024.29,
4/17/2014 0:00,3387.25,
4/18/2014 0:00,3449.41,
4/19/2014 0:00,3067.32,
4/20/2014 0:00,1503.72,
4/21/2014 0:00,2912.7,
4/22/2014 0:00,3431.38,
4/23/2014 0:00,3109.93,
4/24/2014 0:00,3520,
4/25/2014 0:00,3160.04,
4/26/2014 0:00,3132.48,
4/27/2014 0:00,2196.55,
4/28/2014 0:00,3351.36,
4/29/2014 0:00,3380.86,
4/30/2014 0:00,3226.49,
5/1/2014 0:00,3783.26,
5/2/2014 0:00,4029.36,
5/3/2014 0:00,2825.33,
5/4/2014 0:00,1821.06,
5/5/2014 0:00,3159.02,
5/6/2014 0:00,2840.38,
5/7/2014 0:00,3134.58,
5/8/2014 0:00,3320.04,
5/9/2014 0:00,3522.12,
5/10/2014 0:00,2984.85,
5/11/2014 0:00,1531.59,
5/12/2014 0:00,2960.91,
5/13/2014 0:00,3125.63,
5/14/2014 0:00,3125.36,
5/15/2014 0:00,3203.83,
5/16/2014 0:00,3112.1,
5/17/2014 0:00,2653.14,
5/18/2014 0:00,2154.26,
5/19/2014 0:00,2885.34,
5/20/2014 0:00,2839.77,
5/21/2014 0:00,3161.49,
5/22/2014 0:00,3409.76,
5/23/2014 0:00,3366.03,
5/24/2014 0:00,2749.14,
5/25/2014 0:00,1903.31,
5/26/2014 0:00,1617.14,
5/27/2014 0:00,2857.37,
5/28/2014 0:00,2862.09,
5/29/2014 0:00,3335.79,
5/30/2014 0:00,3663.13,
5/31/2014 0:00,2578.32,
6/1/2014 0:00,2094.2,
6/2/2014 0:00,3127.28,
6/3/2014 0:00,3285.11,
6/4/2014 0:00,3276.46,
6/5/2014 0:00,3077.96,
6/6/2014 0:00,3208.66,
6/7/2014 0:00,2595.61,
6/8/2014 0:00,1840.84,
6/9/2014 0:00,2934.87,
6/10/2014 0:00,2741.99,
6/11/2014 0:00,2920.93,
6/12/2014 0:00,3061.04,
6/13/2014 0:00,3549.51,
6/14/2014 0:00,2762.15,
6/15/2014 0:00,1920.36,
6/16/2014 0:00,3129.77,
6/17/2014 0:00,3565.27,TRUE
6/18/2014 0:00,2774,
6/19/2014 0:00,3418.92,
6/20/2014 0:00,3586.94,
6/21/2014 0:00,2466.21,
6/22/2014 0:00,2093.39,
6/23/2014 0:00,3095.82,
6/24/2014 0:00,2875.59,
6/25/2014 0:00,3284.9,
6/26/2014 0:00,3683,
6/27/2014 0:00,3179.35,
6/28/2014 0:00,2817.19,
6/29/2014 0:00,1996.51,
6/30/2014 0:00,2912.17,
7/1/2014 0:00,3112.67,
7/2/2014 0:00,3168.57,
7/3/2014 0:00,3352.68,
7/4/2014 0:00,1707.06,
7/5/2014 0:00,2016.83,
7/6/2014 0:00,1893,
7/7/2014 0:00,2641.98,
7/8/2014 0:00,2556.9,
7/9/2014 0:00,2829.04,
7/10/2014 0:00,2969.9,
7/11/2014 0:00,3511.25,
7/12/2014 0:00,2401.97,
7/13/2014 0:00,1787.54,
7/14/2014 0:00,2853.92,
7/15/2014 0:00,2834.76,
7/16/2014 0:00,2744.9,
7/17/2014 0:00,3053.16,
7/18/2014 0:00,3430.78,
7/19/2014 0:00,2255.55,
7/20/2014 0:00,1986.16,
7/21/2014 0:00,2812.43,
7/22/2014 0:00,3122.08,
7/23/2014 0:00,2945.28,
7/24/2014 0:00,2800.32,
7/25/2014 0:00,2996.29,
7/26/2014 0:00,2600.78,
7/27/2014 0:00,1788.81,
7/28/2014 0:00,3056.92,
7/29/2014 0:00,2913.88,
7/30/2014 0:00,3039.14,
7/31/2014 0:00,3408.9,
8/1/2014 0:00,3405.17,
8/2/2014 0:00,2425.11,
8/3/2014 0:00,1534.55,
8/4/2014 0:00,3132.54,
8/5/2014 0:00,2857.06,
8/6/2014 0:00,2794.24,
8/7/2014 0:00,3111.03,
8/8/2014 0:00,3025.07,
8/9/2014 0:00,2441.66,
8/10/2014 0:00,1784.6,
8/11/2014 0:00,2977.69,
8/12/2014 0:00,3256.67,
8/13/2014 0:00,2837.53,
8/14/2014 0:00,2659.44,
8/15/2014 0:00,3485.74,
8/16/2014 0:00,2337.62,
8/17/2014 0:00,2126.83,
8/18/2014 0:00,2847.75,
8/19/2014 0:00,2924.6,
8/20/2014 0:00,3036.46,
8/21/2014 0:00,3251.73,
8/22/2014 0:00,3656.99,
8/23/2014 0:00,2268.05,
8/24/2014 0:00,2145.96,
8/25/2014 0:00,2717.25,
8/26/2014 0:00,2752.03,
8/27/2014 0:00,2848.04,
8/28/2014 0:00,3167.56,
8/29/2014 0:00,3247.92,
8/30/2014 0:00,2753.18,
8/31/2014 0:00,2385.22,
9/1/2014 0:00,1520.96,
9/2/2014 0:00,2924.3,
9/3/2014 0:00,3412.4,
9/4/2014 0:00,2989.17,
9/5/2014 0:00,3246.37,
9/6/2014 0:00,2354.59,
9/7/2014 0:00,1800.02,
9/8/2014 0:00,2738.74,
9/9/2014 0:00,2881.29,
9/10/2014 0:00,2937.3,
9/11/2014 0:00,2866.78,
9/12/2014 0:00,3223.75,
9/13/2014 0:00,2235.18,
9/14/2014 0:00,1975.23,
9/15/2014 0:00,2606.23,
9/16/2014 0:00,2790.46,
9/17/2014 0:00,2858.84,
9/18/2014 0:00,3120.28,
9/19/2014 0:00,3464.5,
9/20/2014 0:00,2414.98,
9/21/2014 0:00,1874.69,
9/22/2014 0:00,2654.93,
9/23/2014 0:00,2753.2,
9/24/2014 0:00,3126.17,
9/25/2014 0:00,3167.84,
9/26/2014 0:00,3708.81,
9/27/2014 0:00,2226.95,
9/28/2014 0:00,1912.16,
9/29/2014 0:00,3130.38,
9/30/2014 0:00,3060.98,
10/1/2014 0:00,3525.42,
10/2/2014 0:00,3154.3,
10/3/2014 0:00,3832.25,
10/4/2014 0:00,2492.63,
10/5/2014 0:00,1930.58,
10/6/2014 0:00,2819.37,
10/7/2014 0:00,2852.05,
10/8/2014 0:00,2930.27,
10/9/2014 0:00,3267.89,
10/10/2014 0:00,3314.68,
10/11/2014 0:00,2033.89,
10/12/2014 0:00,1784.95,
10/13/2014 0:00,2518.54,
10/14/2014 0:00,2832.45,
10/15/2014 0:00,2841.11,
10/16/2014 0:00,3101.41,
10/17/2014 0:00,3094.45,
10/18/2014 0:00,2323.92,
10/19/2014 0:00,1774.69,
10/20/2014 0:00,2751.89,
10/21/2014 0:00,2114.41,
10/22/2014 0:00,3087.69,
10/23/2014 0:00,3009.24,
10/24/2014 0:00,3480,
10/25/2014 0:00,2747.29,
10/26/2014 0:00,2010.13,
10/27/2014 0:00,2730.74,
10/28/2014 0:00,2600.95,
10/29/2014 0:00,3195.74,
10/30/2014 0:00,3244.18,
10/31/2014 0:00,3449.12,
11/1/2014 0:00,2471.09,
11/2/2014 0:00,1850.43,
11/3/2014 0:00,2593.92,
11/4/2014 0:00,2927.67,
11/5/2014 0:00,2825.87,
11/6/2014 0:00,3371.92,
11/7/2014 0:00,3281.85,
11/8/2014 0:00,2405.94,
11/9/2014 0:00,1787.85,
11/10/2014 0:00,2677.06,
11/11/2014 0:00,2409.17,
11/12/2014 0:00,3235.23,
11/13/2014 0:00,2845,
11/14/2014 0:00,3620.1,
11/15/2014 0:00,2568.53,
11/16/2014 0:00,1711.35,
11/17/2014 0:00,3189.81,
11/18/2014 0:00,3129.19,
11/19/2014 0:00,3667.6,
11/20/2014 0:00,3280.44,
11/21/2014 0:00,2962.46,
11/22/2014 0:00,2444.39,
11/23/2014 0:00,2197.43,
11/24/2014 0:00,3038.02,
11/25/2014 0:00,3171.92,
11/26/2014 0:00,3113.63,
11/28/2014 0:00,1903.6,
11/29/2014 0:00,2474.44,
11/30/2014 0:00,2378.01,
12/1/2014 0:00,3267.28,
12/2/2014 0:00,3418.7,
12/3/2014 0:00,3124.94,
12/4/2014 0:00,3241.16,
12/5/2014 0:00,3560,
12/6/2014 0:00,2619.47,
12/7/2014 0:00,2136.45,
12/8/2014 0:00,2910.7,
12/9/2014 0:00,2953.6,
12/10/2014 0:00,3362.7,
12/11/2014 0:00,3390.35,
12/12/2014 0:00,3260.48,
12/13/2014 0:00,2547.56,
12/14/2014 0:00,2087.29,
12/15/2014 0:00,2735.28,
12/16/2014 0:00,2891.14,
12/17/2014 0:00,3419.23,
12/18/2014 0:00,2654.51,
12/19/2014 0:00,2926.47,
12/20/2014 0:00,2841.22,
12/21/2014 0:00,2278.66,TRUE
12/22/2014 0:00,3159.64,
12/23/2014 0:00,2934.69,
12/24/2014 0:00,2485.07,
12/25/2014 0:00,0,
12/26/2014 0:00,2640.46,
12/27/2014 0:00,2285.78,
12/28/2014 0:00,1779.94,
12/29/2014 0:00,3111.24,
12/30/2014 0:00,2982.04,
12/31/2014 0:00,3090.79,
1/1/2015 0:00,1277.87,
1/2/2015 0:00,2865.66,
1/3/2015 0:00,2595.17,
1/4/2015 0:00,1822.42,
1/5/2015 0:00,2993.53,
1/6/2015 0:00,2861.82,
1/7/2015 0:00,2899.38,
1/8/2015 0:00,3092.19,
1/9/2015 0:00,2917.17,
1/10/2015 0:00,2653.54,
1/11/2015 0:00,1647.76,
1/12/2015 0:00,2988.79,
1/13/2015 0:00,2496.26,
1/14/2015 0:00,3062.8,
1/15/2015 0:00,3379.59,
1/16/2015 0:00,3020.14,
1/17/2015 0:00,2684.98,
1/18/2015 0:00,1854.56,
1/19/2015 0:00,2224.72,
1/20/2015 0:00,2943.38,
1/21/2015 0:00,3041.98,
1/22/2015 0:00,3043.61,
1/23/2015 0:00,3654.2,
1/24/2015 0:00,2544.15,
1/25/2015 0:00,1858.47,
1/26/2015 0:00,3252.81,
1/27/2015 0:00,2552.1,
1/28/2015 0:00,3427.2,TRUE
1/29/2015 0:00,3155.73,
1/30/2015 0:00,3819.62,
1/31/2015 0:00,2862.75,
2/1/2015 0:00,1558.45,
2/2/2015 0:00,2868.23,
2/3/2015 0:00,3137.81,
2/4/2015 0:00,3716.99,
2/5/2015 0:00,3342.72,
2/6/2015 0:00,3825.36,
2/7/2015 0:00,2772.19,
2/8/2015 0:00,2398.2,
2/9/2015 0:00,3057.58,
2/10/2015 0:00,3446.21,
2/11/2015 0:00,3219.59,
2/12/2015 0:00,3884.97,
2/13/2015 0:00,4007.09,
2/14/2015 0:00,3211.96,
2/15/2015 0:00,2364.48,
2/16/2015 0:00,3006.63,
2/17/2015 0:00,3214.12,
2/18/2015 0:00,3572.39,
2/19/2015 0:00,3577.96,
2/20/2015 0:00,3678.38,
2/21/2015 0:00,2841.12,
2/22/2015 0:00,2276.53,
2/23/2015 0:00,3343.68,
2/24/2015 0:00,3156.12,
2/25/2015 0:00,3419.56,
2/26/2015 0:00,3767.4,
2/27/2015 0:00,3586.08,
2/28/2015 0:00,3434.77,
3/1/2015 0:00,1841.34,
3/2/2015 0:00,2982.88,
3/3/2015 0:00,3113.28,
3/4/2015 0:00,3333.93,
3/5/2015 0:00,3115.07,
3/6/2015 0:00,3346.63,
3/7/2015 0:00,3056.98,
3/8/2015 0:00,2079.95,
3/9/2015 0:00,3096.23,
3/10/2015 0:00,3386.02,
3/11/2015 0:00,3337.81,
3/12/2015 0:00,3700.92,
3/13/2015 0:00,3842.22,
3/14/2015 0:00,2856.67,
3/15/2015 0:00,2510.02,TRUE
3/16/2015 0:00,2818.66,
3/17/2015 0:00,3127.16,
3/18/2015 0:00,3588.38,
3/19/2015 0:00,3346.91,
3/20/2015 0:00,3571.15,
3/21/2015 0:00,3078.95,
3/22/2015 0:00,2041.38,
3/23/2015 0:00,3156.52,
3/24/2015 0:00,3058.02,
3/25/2015 0:00,3563.54,
3/26/2015 0:00,3483.64,
3/27/2015 0:00,3608.8,
3/28/2015 0:00,3201.93,
3/29/2015 0:00,2362.76,
3/30/2015 0:00,3198.31,
3/31/2015 0:00,3275.51,
4/1/2015 0:00,3275.39,
4/2/2015 0:00,3626.55,
4/3/2015 0:00,3954.09,
4/4/2015 0:00,2714.6,
4/5/2015 0:00,1326.27,
4/6/2015 0:00,2832.6,
4/7/2015 0:00,2848.03,
4/8/2015 0:00,2946.81,
4/9/2015 0:00,3463.06,
4/10/2015 0:00,3621.39,
4/11/2015 0:00,2842.23,
4/12/2015 0:00,2090.78,
4/13/2015 0:00,3298.63,
4/14/2015 0:00,3063.68,
4/15/2015 0:00,3117.8,
4/16/2015 0:00,3845.19,
4/17/2015 0:00,3986.39,
4/18/2015 0:00,3208.82,
4/19/2015 0:00,2320.36,
4/20/2015 0:00,3454.54,
4/21/2015 0:00,3190.44,
4/22/2015 0:00,3571.07,
4/23/2015 0:00,3659.61,
4/24/2015 0:00,3821.67,
4/25/2015 0:00,3258.73,
4/26/2015 0:00,2629,TRUE
4/27/2015 0:00,3458.39,
4/28/2015 0:00,3398.34,
4/29/2015 0:00,3558.15,
4/30/2015 0:00,3913.04,
5/1/2015 0:00,4630.51,
5/2/2015 0:00,2812.57,
5/3/2015 0:00,2502.22,
5/4/2015 0:00,2825.1,
5/5/2015 0:00,3017.24,
5/6/2015 0:00,3428.77,
5/7/2015 0:00,3222.3,
5/8/2015 0:00,3770.26,
5/9/2015 0:00,2714.09,
5/10/2015 0:00,1924.61,
5/11/2015 0:00,2858.32,
5/12/2015 0:00,3164.04,
5/13/2015 0:00,3507.42,
5/14/2015 0:00,3526.88,
5/15/2015 0:00,3635.83,
5/16/2015 0:00,2625.42,
5/17/2015 0:00,2237.22,
5/18/2015 0:00,2879.87,
5/19/2015 0:00,3482.52,
5/20/2015 0:00,3343.41,
5/21/2015 0:00,3536.56,
5/22/2015 0:00,3563.35,
5/23/2015 0:00,3000.99,
5/24/2015 0:00,2654.75,TRUE
5/25/2015 0:00,1758.68,
5/26/2015 0:00,3187.81,
5/27/2015 0:00,3305.7,
5/28/2015 0:00,3699.08,
5/29/2015 0:00,3787.05,
5/30/2015 0:00,2819.64,
5/31/2015 0:00,2337.51,
6/1/2015 0:00,3160.28,
6/2/2015 0:00,3352.83,
6/3/2015 0:00,2922.45,
6/4/2015 0:00,3482.15,
6/5/2015 0:00,3518.01,
6/6/2015 0:00,2523.83,
6/7/2015 0:00,1837.31,
6/8/2015 0:00,2829.55,
6/9/2015 0:00,2868.58,
6/10/2015 0:00,2844.99,
6/11/2015 0:00,3063.9,
6/12/2015 0:00,3215.42,
6/13/2015 0:00,2310.75,
6/14/2015 0:00,1742.07,
6/15/2015 0:00,3266.69,
6/16/2015 0:00,3180.53,
6/17/2015 0:00,3210.4,
6/18/2015 0:00,3359.55,
6/19/2015 0:00,3689.67,
6/20/2015 0:00,2447.17,
6/21/2015 0:00,2048.9,
6/22/2015 0:00,2861.36,
6/23/2015 0:00,3048.95,
6/24/2015 0:00,2942.43,
6/25/2015 0:00,3114.8,
6/26/2015 0:00,3323.23,
6/27/2015 0:00,2183.64,
6/28/2015 0:00,2211.1,
6/29/2015 0:00,2992.69,
6/30/2015 0:00,3686.52,
7/1/2015 0:00,3513.71,
7/2/2015 0:00,3441.34,
7/3/2015 0:00,3010.74,
7/4/2015 0:00,1651.73,
7/5/2015 0:00,1848.73,
7/6/2015 0:00,2983.49,
7/7/2015 0:00,2873.3,
7/8/2015 0:00,3408.4,
7/9/2015 0:00,3365.93,
7/10/2015 0:00,3566.63,
7/11/2015 0:00,3271.02,TRUE
7/12/2015 0:00,2121.94,
7/13/2015 0:00,3082.57,
7/14/2015 0:00,3086.95,
7/15/2015 0:00,3244.83,
7/16/2015 0:00,3172.82,
7/17/2015 0:00,3435.41,
7/18/2015 0:00,2511.71,
7/19/2015 0:00,2289.71,
7/20/2015 0:00,2643.99,
7/21/2015 0:00,2924.24,
7/22/2015 0:00,3175.72,
7/23/2015 0:00,3321.95,
7/24/2015 0:00,3676.75,
7/25/2015 0:00,2674.46,
7/26/2015 0:00,2119.73,
7/27/2015 0:00,3144.9,
7/28/2015 0:00,3093.57,
7/29/2015 0:00,3298.87,
7/30/2015 0:00,3423.99,
7/31/2015 0:00,3963.96,
8/1/2015 0:00,2592.36,
8/2/2015 0:00,2045.15,
8/3/2015 0:00,3103.83,
8/4/2015 0:00,2870.69,
8/5/2015 0:00,3054.63,
8/6/2015 0:00,3047.63,
8/7/2015 0:00,3392.48,
8/8/2015 0:00,2495.12,
8/9/2015 0:00,1810.82,
8/10/2015 0:00,2985.62,
8/11/2015 0:00,2946.32,
8/12/2015 0:00,3013.55,
8/13/2015 0:00,3235.33,
8/14/2015 0:00,3869.29,
8/15/2015 0:00,2488.8,
8/16/2015 0:00,2270.32,
8/17/2015 0:00,3171.57,
8/18/2015 0:00,3126.63,
8/19/2015 0:00,3504.38,
8/20/2015 0:00,4277.7,TRUE
8/21/2015 0:00,3824.47,
8/22/2015 0:00,2903.51,
8/23/2015 0:00,2291.74,
8/24/2015 0:00,3354.28,
8/25/2015 0:00,3242.03,
8/26/2015 0:00,3117.53,
8/27/2015 0:00,3393.64,
8/28/2015 0:00,3816.5,
8/29/2015 0:00,2854.5,
8/30/2015 0:00,1905.2,
8/31/2015 0:00,3321.04,
9/1/2015 0:00,3258.2,
9/2/2015 0:00,3036.85,
9/3/2015 0:00,2935.9,
9/4/2015 0:00,3706.89,
9/5/2015 0:00,2574.27,
9/6/2015 0:00,2056.77,
9/7/2015 0:00,1719.5,
9/8/2015 0:00,3033.85,
9/9/2015 0:00,2860.31,
9/10/2015 0:00,3160.03,
9/11/2015 0:00,3446.42,
9/12/2015 0:00,2494.31,
9/13/2015 0:00,2147.81,
9/14/2015 0:00,2941.43,
9/15/2015 0:00,3666.45,
9/16/2015 0:00,3440.79,
9/17/2015 0:00,2891.92,
9/18/2015 0:00,4083.64,
9/19/2015 0:00,2753.25,
9/20/2015 0:00,2933.99,TRUE
9/21/2015 0:00,2778.07,
9/22/2015 0:00,2962.42,
9/23/2015 0:00,3443.5,
9/24/2015 0:00,3278.01,
9/25/2015 0:00,3721.77,
9/26/2015 0:00,2939.65,
9/27/2015 0:00,2191.29,
9/28/2015 0:00,3081.86,
9/29/2015 0:00,3280.35,
9/30/2015 0:00,3556.6,
10/1/2015 0:00,3599.13,
10/2/2015 0:00,4509.89,
10/3/2015 0:00,2670.39,
10/4/2015 0:00,1854.96,
10/5/2015 0:00,2833.26,
10/6/2015 0:00,2866.01,
10/7/2015 0:00,3381.22,
10/8/2015 0:00,3071.4,
10/9/2015 0:00,3493.42,
10/10/2015 0:00,2522.05,
10/11/2015 0:00,2132.63,
10/12/2015 0:00,3289.96,
10/13/2015 0:00,3120.47,
10/14/2015 0:00,3421.89,
10/15/2015 0:00,4056.14,
10/16/2015 0:00,3988.54,
10/17/2015 0:00,3294.11,
10/18/2015 0:00,2400.57,
10/19/2015 0:00,3281.04,
10/20/2015 0:00,3306.81,
10/21/2015 0:00,3414.05,
10/22/2015 0:00,3479.09,
10/23/2015 0:00,4478.28,
10/24/2015 0:00,3646.87,
10/25/2015 0:00,2395.3,
10/26/2015 0:00,3831.93,
10/27/2015 0:00,3703.97,
10/28/2015 0:00,3626.94,
10/29/2015 0:00,4207.33,
10/30/2015 0:00,4051.55,
10/31/2015 0:00,3657.06,
11/1/2015 0:00,2441.62,
11/2/2015 0:00,3661.29,
11/3/2015 0:00,3363.05,
11/4/2015 0:00,3623.06,
11/5/2015 0:00,3514.43,
11/6/2015 0:00,3715.29,
11/7/2015 0:00,3192.53,
11/8/2015 0:00,2657.83,
11/9/2015 0:00,3468.95,
11/10/2015 0:00,3570.99,
11/11/2015 0:00,2807.98,
11/12/2015 0:00,3567.36,
11/13/2015 0:00,3953.29,
11/14/2015 0:00,3210,
11/15/2015 0:00,2437.3,
11/16/2015 0:00,3266.33,
11/17/2015 0:00,3840.35,
11/18/2015 0:00,3574.98,
11/19/2015 0:00,3437.41,
11/20/2015 0:00,4067.7,
11/21/2015 0:00,2994.83,
11/22/2015 0:00,2290.57,
11/23/2015 0:00,3547.39,
11/24/2015 0:00,3628.03,
11/25/2015 0:00,3826.23,
11/27/2015 0:00,2184.54,
11/28/2015 0:00,2830.29,
11/29/2015 0:00,2470.67,
11/30/2015 0:00,3840.48,
12/1/2015 0:00,3582.79,
12/2/2015 0:00,3766.09,
12/3/2015 0:00,4019.87,
12/4/2015 0:00,4189.74,
12/5/2015 0:00,3293.73,
12/6/2015 0:00,2342.69,
12/7/2015 0:00,3408.24,
12/8/2015 0:00,3358.67,
12/9/2015 0:00,3395.56,
12/10/2015 0:00,3819.49,
12/11/2015 0:00,4111.59,
12/12/2015 0:00,3116.73,
12/13/2015 0:00,2241.67,
12/14/2015 0:00,3431.09,
12/15/2015 0:00,3261.65,
12/16/2015 0:00,3067.51,
12/17/2015 0:00,3321.28,
12/18/2015 0:00,3887.64,
12/19/2015 0:00,3497.45,TRUE
12/20/2015 0:00,2611.75,
12/21/2015 0:00,3484.72,
12/22/2015 0:00,3839.73,
12/23/2015 0:00,3748.72,
12/24/2015 0:00,2726.69,
12/26/2015 0:00,2591.1,
12/27/2015 0:00,2343.61,
12/28/2015 0:00,3667.78,
12/29/2015 0:00,3587.4,
12/30/2015 0:00,3892.84,
12/31/2015 0:00,4046.48,
1/1/2016 0:00,1987.49,
1/2/2016 0:00,2708.66,
1/3/2016 0:00,2127.53,
1/4/2016 0:00,3265.79,
1/5/2016 0:00,3478.25,
1/6/2016 0:00,3460.59,
1/7/2016 0:00,3590.08,
1/8/2016 0:00,4098.24,
1/9/2016 0:00,2975.32,
1/10/2016 0:00,1824.81,
1/11/2016 0:00,3138.9,
1/12/2016 0:00,3250.09,
1/13/2016 0:00,3522.99,
1/14/2016 0:00,3677.57,
1/15/2016 0:00,4086.33,
1/16/2016 0:00,2585.47,
1/17/2016 0:00,2263.59,
1/18/2016 0:00,2500.28,
1/19/2016 0:00,3070.36,
1/20/2016 0:00,3443.12,
1/21/2016 0:00,3329.1,
1/22/2016 0:00,4307.39,
1/23/2016 0:00,2936.96,
1/24/2016 0:00,2210.44,
1/25/2016 0:00,3524.1,
1/26/2016 0:00,3101.7,
1/27/2016 0:00,3388.27,
1/28/2016 0:00,3553.3,
1/29/2016 0:00,3737.23,
1/30/2016 0:00,3065.67,
1/31/2016 0:00,2329.72,
2/1/2016 0:00,3089.45,
2/2/2016 0:00,3449.42,
2/3/2016 0:00,3411.35,
2/4/2016 0:00,3444.85,
2/5/2016 0:00,4034.86,
2/6/2016 0:00,2903.7,
2/7/2016 0:00,1587.72,
2/8/2016 0:00,3452.8,
2/9/2016 0:00,3693.32,
2/10/2016 0:00,3550.85,
2/11/2016 0:00,4032.49,
2/12/2016 0:00,4237.89,
2/13/2016 0:00,3564.31,
2/14/2016 0:00,2374.79,
2/15/2016 0:00,3173.93,
2/16/2016 0:00,3778.62,
2/17/2016 0:00,4319.21,
2/18/2016 0:00,3829.28,
2/19/2016 0:00,4483.53,
2/20/2016 0:00,3690.88,
2/21/2016 0:00,2455,
2/22/2016 0:00,3801.1,
2/23/2016 0:00,3927.64,
2/24/2016 0:00,4083.61,
2/25/2016 0:00,4048.52,
2/26/2016 0:00,4158.48,
2/27/2016 0:00,3731,
2/28/2016 0:00,2633.54,
2/29/2016 0:00,3768.17,
3/1/2016 0:00,3664.03,
3/2/2016 0:00,3676.06,
3/3/2016 0:00,3525.65,
3/4/2016 0:00,4085.14,
3/5/2016 0:00,2924.41,
3/6/2016 0:00,2125.74,
3/7/2016 0:00,3222.89,
3/8/2016 0:00,3466.18,
3/9/2016 0:00,3598.32,
3/10/2016 0:00,3854.9,
3/11/2016 0:00,3938.46,
3/12/2016 0:00,3235.73,
3/13/2016 0:00,2258,
3/14/2016 0:00,3500.47,
3/15/2016 0:00,3585.59,
3/16/2016 0:00,3464.08,
3/17/2016 0:00,3912.46,
3/18/2016 0:00,3838.89,
3/19/2016 0:00,3379.19,
3/20/2016 0:00,2718.06,
3/21/2016 0:00,3643.69,
3/22/2016 0:00,3243.61,
3/23/2016 0:00,3288.14,
3/24/2016 0:00,3988.74,
3/25/2016 0:00,3921.11,
3/26/2016 0:00,3703.43,
3/27/2016 0:00,2051.41,
3/28/2016 0:00,3284.26,
3/29/2016 0:00,3686.67,
3/30/2016 0:00,4038.03,
3/31/2016 0:00,4276.8,
4/1/2016 0:00,4436.73,
4/2/2016 0:00,3719.97,
4/3/2016 0:00,2278.95,
4/4/2016 0:00,3252.62,
4/5/2016 0:00,3605.39,
4/6/2016 0:00,3285.76,
4/7/2016 0:00,3456.79,
4/8/2016 0:00,3760.34,
4/9/2016 0:00,2755.27,
4/10/2016 0:00,2569.97,
4/11/2016 0:00,3543.56,
4/12/2016 0:00,3685.83,
4/13/2016 0:00,3786.26,
4/14/2016 0:00,3847.4,
4/15/2016 0:00,3769.06,
4/16/2016 0:00,3650.81,
4/17/2016 0:00,2414.5,
4/18/2016 0:00,3307.92,
4/19/2016 0:00,3351.58,
4/20/2016 0:00,3741.64,
4/21/2016 0:00,3869.81,
4/22/2016 0:00,4384.31,
4/23/2016 0:00,3685.46,
4/24/2016 0:00,2658.51,
4/25/2016 0:00,3387.96,
4/26/2016 0:00,3545.94,
4/27/2016 0:00,3609.08,
4/28/2016 0:00,3675.64,
4/29/2016 0:00,4185.66,
4/30/2016 0:00,3327.79,
5/1/2016 0:00,2542.01,
5/2/2016 0:00,3354.4,
5/3/2016 0:00,3722.93,
5/4/2016 0:00,3653.59,
5/5/2016 0:00,3371.82,
5/6/2016 0:00,4060.25,
5/7/2016 0:00,2966.13,
5/8/2016 0:00,2156.37,
5/9/2016 0:00,3154.72,
5/10/2016 0:00,3395.7,
5/11/2016 0:00,3229.31,
5/12/2016 0:00,3300.45,
5/13/2016 0:00,3999.31,
5/14/2016 0:00,3278.27,
5/15/2016 0:00,2315.09,
5/16/2016 0:00,3230.94,
5/17/2016 0:00,3803.22,TRUE
5/18/2016 0:00,3599.05,
5/19/2016 0:00,4053.26,
5/20/2016 0:00,3919.55,
5/21/2016 0:00,3244.74,
5/22/2016 0:00,2208.71,
5/23/2016 0:00,3610.78,
5/24/2016 0:00,3682.23,
5/25/2016 0:00,3466.43,
5/26/2016 0:00,3878.48,
5/27/2016 0:00,4337.85,
5/28/2016 0:00,2823.25,
5/29/2016 0:00,2920.01,
5/30/2016 0:00,1916.2,
5/31/2016 0:00,3600.06,
6/1/2016 0:00,3890.54,
6/2/2016 0:00,3418.43,
6/3/2016 0:00,3838.64,
6/4/2016 0:00,2762.83,
6/5/2016 0:00,2054.6,
6/6/2016 0:00,3225.99,
6/7/2016 0:00,3447.08,
6/8/2016 0:00,3498.06,
6/9/2016 0:00,3721.71,
6/10/2016 0:00,3591.92,
6/11/2016 0:00,3176.16,
6/12/2016 0:00,2525.62,
6/13/2016 0:00,3340.99,
6/14/2016 0:00,3090.93,
6/15/2016 0:00,3323.67,
6/16/2016 0:00,3625.49,
6/17/2016 0:00,3721.73,
6/18/2016 0:00,3370.17,
6/19/2016 0:00,2021.52,
6/20/2016 0:00,3173.49,
6/21/2016 0:00,3471.11,
6/22/2016 0:00,3340.3,
6/23/2016 0:00,3534.92,
6/24/2016 0:00,3687.21,
6/25/2016 0:00,2949.72,
6/26/2016 0:00,2327.58,
6/27/2016 0:00,3399.57,
6/28/2016 0:00,3142.81,
6/29/2016 0:00,3388.71,
6/30/2016 0:00,4137.66,
7/1/2016 0:00,3926.98,
7/2/2016 0:00,3004.55,
7/3/2016 0:00,2405.91,
7/4/2016 0:00,1770.44,
7/5/2016 0:00,2826.03,
7/6/2016 0:00,3447.26,
7/7/2016 0:00,3397.15,
7/8/2016 0:00,3910.08,
7/9/2016 0:00,2919.65,
7/10/2016 0:00,2403.09,
7/11/2016 0:00,3014.33,
7/12/2016 0:00,3547.15,
7/13/2016 0:00,3307.6,
7/14/2016 0:00,3535.24,
7/15/2016 0:00,3916.97,
7/16/2016 0:00,3111.33,
7/17/2016 0:00,2307.2,
7/18/2016 0:00,3464.57,
7/19/2016 0:00,3790.91,TRUE
7/20/2016 0:00,3662.1,
7/21/2016 0:00,3673.26,
7/22/2016 0:00,4347.64,
7/23/2016 0:00,2800.96,
7/24/2016 0:00,2362.63,
7/25/2016 0:00,3471.24,
7/26/2016 0:00,3460.06,
7/27/2016 0:00,3345.13,
7/28/2016 0:00,3952.67,
7/29/2016 0:00,3987.25,
7/30/2016 0:00,3144.8,
7/31/2016 0:00,2394.08,
8/1/2016 0:00,3531.39,
8/2/2016 0:00,3619.84,
8/3/2016 0:00,3392.01,
8/4/2016 0:00,3862.1,
8/5/2016 0:00,3650.06,
8/6/2016 0:00,2513.92,
8/7/2016 0:00,2111.18,
8/8/2016 0:00,3080.84,
8/9/2016 0:00,3363.79,
8/10/2016 0:00,3484.69,
8/11/2016 0:00,3685.7,
8/12/2016 0:00,3857.08,
8/13/2016 0:00,2739.42,
8/14/2016 0:00,2228.85,
8/15/2016 0:00,3803.36,
8/16/2016 0:00,3670.86,
8/17/2016 0:00,3984.41,
8/18/2016 0:00,4048.61,
8/19/2016 0:00,4794,
8/20/2016 0:00,3302.05,
8/21/2016 0:00,3002.13,
8/22/2016 0:00,3812.75,
8/23/2016 0:00,3959.22,
8/24/2016 0:00,4573.56,
8/25/2016 0:00,4841.51,
8/26/2016 0:00,4578.3,
8/27/2016 0:00,3804.87,
8/28/2016 0:00,2892.91,
8/29/2016 0:00,3493.69,
8/30/2016 0:00,3862.54,
8/31/2016 0:00,4470.55,
9/1/2016 0:00,3436.81,
9/2/2016 0:00,4547.51,
9/3/2016 0:00,3565.2,
9/4/2016 0:00,2823.97,
9/5/2016 0:00,2079.8,
9/6/2016 0:00,3428.48,
9/7/2016 0:00,3376.41,
9/8/2016 0:00,3605.03,
9/9/2016 0:00,4306.61,
9/10/2016 0:00,3082.7,
9/11/2016 0:00,2474.67,
9/12/2016 0:00,3555.11,
9/13/2016 0:00,3593.66,
9/14/2016 0:00,4030.07,
9/15/2016 0:00,4009.54,
9/16/2016 0:00,4214.47,
9/17/2016 0:00,3307.86,
9/18/2016 0:00,2641.75,
9/19/2016 0:00,3313.67,
9/20/2016 0:00,3411.42,
9/21/2016 0:00,3786.27,
9/22/2016 0:00,3817.54,
9/23/2016 0:00,3872.65,
9/24/2016 0:00,3726.29,
9/25/2016 0:00,2211.42,
9/26/2016 0:00,3383.27,
9/27/2016 0:00,3709.11,
9/28/2016 0:00,3941.26,
9/29/2016 0:00,4246.93,
9/30/2016 0:00,4575.27,
10/1/2016 0:00,3960.57,
10/2/2016 0:00,2281.56,
10/3/2016 0:00,3429.09,
10/4/2016 0:00,3767.13,
10/5/2016 0:00,3770.62,
10/6/2016 0:00,3242.58,
10/7/2016 0:00,3609.66,
10/8/2016 0:00,3432.89,TRUE
10/9/2016 0:00,2495.61,
10/10/2016 0:00,3378.15,
10/11/2016 0:00,3461.47,
10/12/2016 0:00,3403.37,
10/13/2016 0:00,3674.24,
10/14/2016 0:00,4338.02,
10/15/2016 0:00,3319.5,
10/16/2016 0:00,2354.48,
10/17/2016 0:00,3477,
10/18/2016 0:00,3427.49,
10/19/2016 0:00,3469.79,
10/20/2016 0:00,4095.78,
10/21/2016 0:00,4044.36,
10/22/2016 0:00,3325.63,
10/23/2016 0:00,2650.41,
10/24/2016 0:00,3653.82,
10/25/2016 0:00,3421.34,
10/26/2016 0:00,3980.36,
10/27/2016 0:00,4032,
10/28/2016 0:00,3728.55,
10/29/2016 0:00,3436.32,
10/30/2016 0:00,2833.39,
10/31/2016 0:00,4011.39,
11/1/2016 0:00,3581.12,
11/2/2016 0:00,3784.82,
11/3/2016 0:00,4021.31,
11/4/2016 0:00,4144,
11/5/2016 0:00,3490.2,
11/6/2016 0:00,2386.07,
11/7/2016 0:00,3304.09,
11/8/2016 0:00,3542.02,
11/9/2016 0:00,3649.43,
11/10/2016 0:00,3039.48,
11/11/2016 0:00,3563.11,
11/12/2016 0:00,3201.14,
11/13/2016 0:00,2351.64,
11/14/2016 0:00,3372.28,
11/15/2016 0:00,3420.98,
11/16/2016 0:00,3624.64,
11/17/2016 0:00,3712.65,
11/18/2016 0:00,4014.58,
11/19/2016 0:00,2983.68,
11/20/2016 0:00,2169.96,
11/21/2016 0:00,3579.59,
11/22/2016 0:00,3114.61,
11/23/2016 0:00,4161.26,
11/25/2016 0:00,2678.91,
11/26/2016 0:00,2964.52,
11/27/2016 0:00,2073.75,
11/28/2016 0:00,3823.61,
11/29/2016 0:00,3737.1,
11/30/2016 0:00,3630.36,
12/1/2016 0:00,4349.85,
12/2/2016 0:00,3702.68,
12/3/2016 0:00,2863.91,
12/4/2016 0:00,2333.45,
12/5/2016 0:00,3475.37,
12/6/2016 0:00,3369.51,
12/7/2016 0:00,3559.3,
12/8/2016 0:00,3786.83,
12/9/2016 0:00,3646.14,
12/10/2016 0:00,3372.77,
12/11/2016 0:00,2390.73,
12/12/2016 0:00,2909.18,
12/13/2016 0:00,3514.3,
12/14/2016 0:00,3771.34,
12/15/2016 0:00,3666.34,
12/16/2016 0:00,4042.32,
12/17/2016 0:00,2666.8,
12/18/2016 0:00,2739.33,
12/19/2016 0:00,3473.6,
12/20/2016 0:00,3424.24,
12/21/2016 0:00,3778.3,
12/22/2016 0:00,3598,
12/23/2016 0:00,4588.47,
12/24/2016 0:00,2278.3,
12/25/2016 0:00,0,
12/26/2016 0:00,2854.84,TRUE
12/27/2016 0:00,3602.52,
12/28/2016 0:00,3734.94,
12/29/2016 0:00,3940.97,
12/30/2016 0:00,3944.32,
12/31/2016 0:00,3217.01,
1/1/2017 0:00,1833.42,
1/2/2017 0:00,2237.87,
1/3/2017 0:00,3500.67,
1/4/2017 0:00,3894.17,
1/5/2017 0:00,3408.29,
1/6/2017 0:00,3453.57,
1/7/2017 0:00,3004.48,
1/8/2017 0:00,2072.65,
1/9/2017 0:00,3089.94,
1/10/2017 0:00,3814.13,
1/11/2017 0:00,3720.49,
1/12/2017 0:00,3529.88,
1/13/2017 0:00,4061.19,
1/14/2017 0:00,3012.77,
1/15/2017 0:00,2251.51,
1/16/2017 0:00,3198.68,
1/17/2017 0:00,3443.04,
1/18/2017 0:00,3866.55,
1/19/2017 0:00,3729.71,
1/20/2017 0:00,3765.95,
1/21/2017 0:00,2901.95,
1/22/2017 0:00,2074.75,
